Section,Feature,Somon.tj,Paydo.tj,Oriyon.store,Alon.tj,Savdo.tj,Alif Shop,LakLak,Telegram/FB,Notes
General,Platform type,C2C classifieds,C2C classifieds,C2C marketplace,C2C classifieds,C2C + video,B2C store,E-commerce,Informal groups,
General,Launch year,~2014,2025,2024-2025,2026-02,2022-12,2017,2023,,
General,Listings / products count,360000+,80000+ (RE only),Low,Low,Medium,20000+ SKU,50000+ SKU,,
General,Monthly traffic / users,1000000+/month,100000+ (launch),Low,Low,Medium,High,Medium,,
General,Brand awareness,86%,Growing,Low,Low,Medium,High,Medium,,
General,Top of Mind,54%,Unknown,No,No,No,Unknown,No,,
General,Native mobile app,Yes iOS+Android,Yes Android,No,Planned Android,Yes iOS+Android,Yes,Yes,Yes Telegram,
General,Web version,Yes,Yes,Yes,Yes,Partial,Yes,Yes,No,
Languages & Geography,Russian language,Yes,Yes,Yes,Yes,Yes,Yes,Yes,Yes,
Languages & Geography,Tajik language (tojikī),Yes,Unknown,No,Yes,Yes,Yes,Yes,Yes,
Languages & Geography,English language,Partial,Unknown,No,No,Yes,No,No,No,
Languages & Geography,All cities in Tajikistan,Yes,Partial,No (2 cities only),Yes,Partial,Yes,Yes,Yes,
Languages & Geography,Dushanbe districts,Yes,Yes,Yes detailed,Unknown,Partial,Yes,Yes,Yes,
Languages & Geography,Khujand,Yes,Yes,Yes,Yes,Yes,Yes,Yes,Yes,
Languages & Geography,Regional cities (Kulob Khorog etc),Yes,Partial,No,Yes,Partial,Yes,Yes,Yes,
Languages & Geography,Geolocation / map,Partial,Yes,Partial,Unknown,Partial,Yes,Yes,No,
Categories,Real estate,Yes,Yes,Yes,Yes,Yes,No,No,
Categories,Auto / transport,Yes,Yes,Yes,Yes,Yes,Yes new only,No,
Categories,Phones / electronics,Yes,Yes,Yes,Yes,Yes,Yes,Yes,
Categories,Furniture,Yes,Yes,Yes,Yes,Yes,Yes,Yes,
Categories,Home appliances,Yes,Yes,Yes,Yes,Yes,Yes,Yes,
Categories,Services,Yes,Yes,Yes,Yes,Yes,No,Yes,
Categories,Repair / building materials,Yes,Partial,Yes,Yes,Yes,Yes,Yes,
Categories,Jobs / vacancies,Yes strong,Yes,No,Planned,Yes,No,No,
Categories,Clothing / cosmetics,Yes,Partial,No,Yes,Yes,Yes,Yes,
Categories,Food / groceries,Partial,No,No,No,No,No,Yes Fresh,
Categories,New goods B2C,Partial,No,No,No,No,Yes strong,Yes strong,
Listings & Search,Free listing,Yes,Yes,Yes,Yes,Yes,No,No,
Listings & Search,Photo uploads,Yes,Yes,Yes,Yes,Yes,Yes,Yes,
Listings & Search,Video listings,No,No,No,No,Yes TikTok-style,No,No,
Listings & Search,Smart filters,Yes,Yes,Yes,Partial,Yes,Yes,Yes,
Listings & Search,Search suggestions,Yes,Yes,Yes,Unknown,Yes,Yes,Yes,
Listings & Search,Saved searches,Yes,Unknown,Yes,No,Yes,No,No,
Listings & Search,Personal recommendations,Yes,Yes,Yes,No,No,Yes,Yes,
Listings & Search,Compare listings,No,Yes,Yes RE only,No,No,No,No,
Listings & Search,Favorites,Yes,Yes,Yes,Partial,Yes,Yes,Yes,
Listings & Search,Barter / exchange,Partial,Yes,No,No,No,No,No,
Listings & Search,Mark as sold,Yes,Unknown,Yes,Unknown,Unknown,Yes,Yes,
Listings & Search,Archive listings,Yes,Unknown,Yes,Unknown,Unknown,,
Listings & Search,Republish listing,Yes,Unknown,Yes,Unknown,Unknown,,
Real Estate depth,Apartments / houses / land,Yes,Yes,Yes,Yes,Yes,No,No,
Real Estate depth,Commercial property,Yes,Yes,Yes,Yes,Yes,No,No,
Real Estate depth,Dushanbe district filters,Yes,Yes,Yes detailed,Unknown,Partial,,
Real Estate depth,Daily / short-term rent,Yes,Partial,Yes,Unknown,Yes,No,No,
Real Estate depth,Date range calendar,No,No,Yes,No,No,No,No,
Real Estate depth,Mortgage calculator,No,No,Yes,No,No,No,No,
Real Estate depth,Price per sqm benchmarks,No,No,Yes,No,No,No,No,
Real Estate depth,Fair price badge,No,No,Yes,No,No,No,No,
Real Estate depth,New developments / residential complexes,No,No,Yes,No,No,No,No,
Real Estate depth,Developer pages,No,No,Yes,No,No,No,No,
Real Estate depth,SEO landing pages for RE,Yes,Partial,Yes,Yes,No,No,No,
Real Estate depth,Compare apartments,No,Yes,Yes,No,No,No,No,
Auto,Passenger cars,Yes,Yes,Yes,Yes,Yes,Yes new only,No,
Auto,Parts / tires,Yes,Yes,Yes,Yes,Yes,Yes,No,
Auto,Brand / model catalog,Yes,Yes,Yes,Unknown,Yes,,
Auto,Credit from X somoni per month,Yes,No,No,No,No,Yes Salom,Yes,
Communication,In-app chat,Yes,Yes,Yes realtime,Yes WebSocket,Yes,Yes,Yes,
Communication,WhatsApp button,Yes,Unknown,Yes,Unknown,Yes,No,No,
Communication,Telegram button,Partial,Unknown,Yes,Unknown,Yes,No,No,
Communication,Hidden phone reveal,Yes,Yes,Yes,Unknown,Yes,,
Communication,Push notifications,Yes,Planned,No,Planned,Yes,Yes,Yes,
Communication,Telegram bot / community,No,Yes Community,No,No,Yes,No,No,
Trust & Safety,Listing moderation,Yes,Unknown,Yes strong,Planned,Weak,Yes,Yes,
Trust & Safety,Report listing,Yes,Unknown,Yes,Unknown,Unknown,Yes,Yes,
Trust & Safety,Appeal rejected listing,No,No,Yes,No,No,,
Trust & Safety,Email verification,Partial,Unknown,Yes,Unknown,Unknown,Yes,Yes,
Trust & Safety,Phone verification,Yes,Unknown,No,Unknown,Yes,Yes,Yes,
Trust & Safety,Business / Premium account,Yes,Yes,Yes,No,No,Yes,Yes,
Trust & Safety,Seller reviews,Yes,Unknown,Yes,No,No,Yes,Yes,
Trust & Safety,Safe deal / escrow,No,No,No,No,No,Partial,Partial,
Trust & Safety,Anti-fraud / user blocking,Yes,Unknown,Yes,Unknown,No,Yes,Yes,
Monetization,VIP / TOP listings,Yes,Premium/VIP,Yes VIP/TOP,Planned,No,No,No,
Monetization,Paid bump / refresh,Yes,Yes,Yes bump,No,No,No,No,
Monetization,Auto-bump for business,Yes,Unknown,Yes,No,No,No,No,
Monetization,Platform wallet,No,No,Yes TJS,No,No,Yes,Yes,
Monetization,Ad slots / banners,Yes,Planned,Yes,Planned,No,Yes,Yes,
Monetization,Sales commission,No,No,No,No,No,Yes,Yes,
Monetization,Free for end users,Partial,Yes,Partial,Yes,Yes,No,No,
Fintech & Payments,Alif Pay / Alif Mobi,No,No,Yes,No,No,Yes strong,Partial,
Fintech & Payments,Korti Milli online,No,No,Partial via Alif,No,No,Yes,Yes,
Fintech & Payments,Salom installment,On auto only,No,No,No,No,Yes strong,Yes,
Fintech & Payments,QR payment,No,No,No,No,No,Yes,Yes,
Fintech & Payments,Cash on delivery / meet in person,Yes,Yes,Yes,Yes,Yes,Yes,Yes,
Fintech & Payments,Marketplace split-payment,No,No,No,No,No,Partial,No,
Logistics,Own delivery fleet,No,No,No,No,No,Yes,Yes strong,
Logistics,Nationwide delivery,No,No,No,No,No,Yes,Yes,
Logistics,Pickup / meet in person,Yes,Yes,Yes,Yes,Yes,Yes,Yes,
Logistics,Order tracking,No,No,No,No,No,Yes,Yes,
Technology,Known tech stack,Proprietary,Kotlin Android,React Express PostgreSQL,Node MongoDB Redis,Flutter Firebase,Proprietary,Proprietary,
Technology,Real-time WebSocket,Yes,Yes,Yes,Yes,Yes,Yes,Yes,
Technology,Admin panel,Yes,Unknown,Yes strong,Unknown,No,Yes,Yes,
Technology,Finance / analytics reports,Yes,Unknown,Yes,Unknown,No,Yes,Yes,
Technology,SEO / prerender,Yes,Yes,Yes,Yes,No,Yes,Yes,
Technology,Cookie / privacy consent,Unknown,Unknown,Yes,Unknown,Unknown,Yes,Yes,
Technology,Labor market analytics,Yes strong,No,No,No,No,No,No,
Marketing & Team,National media PR,Yes,Yes,No,No,No,Yes,Yes,
Marketing & Team,Paid ads Meta Google,Yes,Yes strong,No,No,No,Yes,Yes,
Marketing & Team,Mature product team,Yes strong,Yes,Partial,No,Partial,Yes,Yes,
Marketing & Team,Offline business partnerships,Yes,Yes,No,No,No,Yes,Yes,
Marketing & Team,App Store rating,4.9,Unknown,,,,Yes,Yes,
Scorecard,Product score 1-10,7,8,9,5,7,,
Scorecard,Scale score 1-10,10,6,2,2,5,,
Scorecard,Mobile score 1-10,9,8,1,3,8,,
Scorecard,Marketing score 1-10,9,8,2,2,4,,
Scorecard,Fintech score 1-10,3,2,8,1,2,,
Scorecard,Total score of 50,38,32,22,13,26,,
